名称,简介,药性,功效,适应症
天门冬,,味甘，性寒,养阴生津、清心消渴、润肠通便、抗菌消炎、除燥降火。,阴虚发热、肺燥干咳、虚劳咳嗽、津伤口渴、心烦失眠、咽喉肿痛
石膏,本品为硫酸盐类矿物硬石膏族石膏，主含含水硫酸钙，采挖后，除去泥沙及杂石。别名大石膏、玉大石、白虎、冰石、细理石,甘、辛，大寒。,清热泻火，除烦止渴。用于外感热病，高热烦渴，肺热喘咳，胃火亢盛，头痛，牙痛。,(1)用于温热病、肺胃大热、高热不退、口渴、烦燥、脉洪大等症。(2)用于温病高热，身发斑疹。(3)用于胃火亢盛所致的头痛、齿痛、牙龈肿痛等症。(4)用于肺热咳嗽、气喘。(5)用于湿疹水火烫伤，疮疡溃后不敛及创伤久不收口…
寒水石,又称凝水石、水石、鹊石，是一种矿石中药材，为天然沉积矿物单斜晶系硫酸钙或三方晶系碳酸钙矿石。,"多为规则的块状结晶,常呈斜方柱形,有棱角白色或黄色,表面平滑，有玻璃样。质坚硬而脆，硬度3，比重2.7。气微，味淡。",有清热降火；利窍；消肿的功效;主治热病烦渴，丹毒烫伤。,广泛形成于沉积作用，如海盆或湖盆地中化学沉积的石膏，常与石灰岩、红色页岩、泥灰岩等成层出现…
知母,本品为单子叶植物百合科知母的干燥根茎，又名蒜辫子草、羊胡子根、地参、蚔母、连母、野蓼性味归经苦、甘，寒。归肺、胃、肾经。清热泻火，生津润燥。用于外感热病，高热烦渴，肺热燥咳，骨蒸潮热，内热消渴，肠燥便秘。春秋二季均可采挖，除去须根及泥沙，晒干，习称“毛知母”；或除去外皮，晒干。置通风干燥处，防潮，以备切片入药，生用，或盐水炙用…,,,
芦根,别名 芦茅根、苇根、芦头、芦柴根,甘，寒。归肺、胃经。,体轻质润，降中有升;具有清热生津，和胃止呕，利尿，透疹的功效，清热泻火，生津止渴，除烦，止呕。用于热病烦渴、胃热呕吐、肺热咳嗽、肺痈吐脓、热淋涩痛。,芦根为芦苇的根茎，苇茎为芦苇的嫩茎。二者出自同一种植物，功效相近。但芦根长于生津止渴，苇茎长于清透肺热，略有侧重。药市中多无苇茎供应，可以芦根代之…
天花粉,本品为葫芦科植物栝楼或双边栝楼的干燥根。秋、冬二季采挖，洗净，除去外皮，切段或纵剖成瓣，干燥。别名：栝楼根、白药、瑞雪、天瓜粉、花粉、屎瓜根、栝蒌粉、萎粉,甘、微苦，微寒。,清热生津，消肿排脓。用于热病烦渴，肺热燥咳，内热消渴，疮疡肿毒。脾胃虚寒大便滑泄者忌服。,①治百合病渴②治大渴③治消渴，除肠胃热实④治黑疸危疾⑤治小儿忽发黄，面目皮肉并黄⑥治虚热咳嗽⑦跌打损伤，胸膛痛疼难忍，咳嗽多年不止…
竹叶,别名 淡竹叶、竹亚科、倭竹族、刚竹属。,甘、淡、胃经、心经、肺经。,治热病烦渴，小儿惊痫，咳逆吐衄，面赤，小便短赤，口糜舌疮。,《别录》：主胸中痰热，咳逆上气。《药性论》：主吐血热毒风，止消渴。《食疗本草》：主咳逆，消渴，痰饮，喉痹，除烦热。《日华子本草》：消痰，治热狂烦闷，中风失音不语，壮热，头痛头风，并怀妊人头旋倒地，止惊悸，温疫迷闷，小儿惊痫天吊…
淡竹叶,别名碎骨子、山鸡米、金鸡米、迷身草、竹叶门冬青、竹叶麦冬、金竹叶、长竹叶、山冬、地竹、野麦冬、淡竹米、林下竹、土麦冬。,味甘、淡，性寒。,根药用，其性味甘淡，能清心、解热、利尿、祛烦躁及催产之效，对于牙龈肿痛、口腔炎等也有良好的疗效。,主治胸中疾热、咳逆上气、吐血、热毒风、止消渴、压丹石毒、消痰、治热狂烦闷、中风失音不语、痛头风、止惊悸、瘟疫迷闷、杀小虫、除热缓脾…
腊梅花,腊梅花，亦称蜡梅，一名黄梅。因花色似蜡，又值农历腊月开放，故而得名。,味甘、微苦，性凉，小毒。,具有解暑生津，理气止痛，顺气止咳，散寒解毒的功效。,可治疗心烦口渴、气郁胸闷，跌打、腰痛、风湿麻木、风寒感冒，刀伤出血等症。…
鸭跖草,竹节菜、鸭鹊草、耳环草、蓝花菜、翠蝴蝶、三角菜、三荚菜、桂竹草、蓝花水竹草、淡竹叶,甘、淡，寒。归肺、胃、小肠经。,清热解毒，利水消肿。用于风热感冒，高热不退，咽喉肿痛，水肿尿少，热淋涩痛，痈肿疔毒。,行水，清热，凉血，解毒。治水肿，脚气，小便不利，感冒，丹毒，腮腺炎，黄疸肝炎，热痢，疟疾，鼻衄，尿血，血崩，白带，咽喉肿痛，痈疽疔疮…
栀子,别名 黄栀子、山栀、白蟾、木丹,苦、寒、无毒。清热泻火药。,泻火除烦、清热利湿、凉血解毒 ；焦栀子：凉血止血。热病心烦、肝火目赤、头痛、湿热黄疸、淋证、血痢尿血、口舌生疮、疮疡肿毒、扭伤肿痛。主五内邪气，胃中热气，面赤，酒疱齇鼻，白癞、赤癞，疮疡。疗目热赤痛，胸心大小肠大热，心中烦闷，胃中热气。,用药禁忌：脾虚便溏者忌服。《本草汇言》：吐血衄血，非阳火暴发者忌之。《得配本草》：邪在表，虚火上升，二者禁用…
栀子,别名 黄栀子、山栀、白蟾、木丹,苦、寒、无毒。清热泻火药。,泻火除烦、清热利湿、凉血解毒 ；焦栀子：凉血止血。热病心烦、肝火目赤、头痛、湿热黄疸、淋证、血痢尿血、口舌生疮、疮疡肿毒、扭伤肿痛。主五内邪气，胃中热气，面赤，酒疱齇鼻，白癞、赤癞，疮疡。疗目热赤痛，胸心大小肠大热，心中烦闷，胃中热气。,用药禁忌：脾虚便溏者忌服。《本草汇言》：吐血衄血，非阳火暴发者忌之。《得配本草》：邪在表，虚火上升，二者禁用…
夏枯草,此草夏至后即枯，故有此名。,苦、辛，寒。入肝、胆经。,清肝、散结、利尿;夏枯草为清肝火、散郁结的要药，它所主治的大多是肝经的病症。该品配以菊花、决明子，可清肝明目，治目赤肿痛、配以石决明、钩藤，可平降肝阳，治头痛、头晕;配以玄参、贝母、牡蛎等品，可软坚散结，治瘰历结核。,用于目赤肿痛，目珠夜痛，头痛眩晕，瘰疬，瘿瘤，肿痛;甲状腺肿大，淋巴结结核，乳腺增生，高血压、高血糖、高血脂…
决明子,别名 决明，马蹄决明、假绿豆,味苦、甘、咸，微寒;入肝、肾、大肠经,具有清肝火、祛风湿、益肾明目、清热明目等功效。归肝、肾、大肠经。有减肥之功效。润肠通便，降脂明目，清肝明目，利水通便，有缓泻作用，降血压降血脂的作用。,用于目赤涩痛，羞明多泪，头痛眩晕，目暗不明，大便秘结。治疗便秘及高血脂，高血压。治风热赤眼，青盲，雀目，高血压，肝炎，肝硬化腹水，习惯性便秘等症状…
夜明砂,"本品为少常用中药，原名天鼠屎，""神农本草经""列为中品，""日华本草""称夜明砂。生药为蝙蝠类动物的干燥粪便。别名蝙蝠屎、天鼠屎长椭圆形颗粒，两端微尖，长5～7毫米，直径约2毫米。表面粗糙，棕褐色或灰棕色，常有破碎者，呈小颗粒状或粉末状。在放大镜下观察，可见棕色或黄棕色有光泽的昆虫头、眼及小翅。气无，味微苦而辛。清热明目，活血消积。用于夜盲症，白内障，角膜云翳。全年均可采收，以夏季为宜，采时携带麻袋，到山洞铲取，去其泥土，拣净杂质，晒干即可…",,,
谷精草,别名耳朵刷子、挖耳朵草、珍珠草、鼓槌草、衣钮草、谷精珠[头状花序]、戴星草、文星草、流星草、移星草、鱼眼草、天星草、佛顶珠、灌耳草,辛、甘，平。归肝、肺经。,疏散风热，明目，退翳。用于风热目赤，肿痛羞明，眼生翳膜，风热头痛，夜盲症等。,放木箱内置通风干燥处。本品不宜饮润，宜干切段片…
密蒙花,别名蒙花、蒙花珠、老蒙花、羊耳朵朵尖、水锦花、黄花醉鱼草、小锦花、黄饭花、疙瘩皮树花、鸡骨头花。,味甘，性微寒。 归肝，胆经。,具有清热养肝、明目退翳的功效，主要用于目赤翳障。本品甘寒，主入肝经，能清肝火，养肝润燥，而明目退翳。用于肝火上炎、目赤肿痛、羞明多泪、目生翳障等症，常与菊花、木贼等同用;若肝虚有热，目昏干涩，或生翳障者，可与枸杞子、沙苑子、菟丝子等药配伍。,主治目赤肿痛，多泪羞明，眼生翳膜，肝虚目暗，视物昏花…
天麻子,天麻子又称木通树或通草。五加科灌木或小乔木，原产华南和台湾，是制宣纸的原料。,味甘，性寒。,具有补虚定风，益气固精，补血，黑发，催乳的功效。,主治眩晕，眼黑，头风头痛，少气失精，须发早白等症。
青葙子,本品为苋科植物青葙的干燥成熟种子。秋季果实成熟时采割植株或摘取果穗，晒干，收集种子，除去杂质。别名：野鸡冠花、狗尾花、狗尾苋。,苦，微寒。,清肝，明目，退翳。用于肝热目赤，眼生翳膜，视物昏花，肝火眩晕。,为了避免混淆，建议处方使用原植物名称，勿用“草决明”别名。青葙子常于清肝降火，又有扩散瞳孔的作用，故对肝肾不足所致的目疾及瞳孔散大者，不宜应用…
乌蛇胆,为游蛇科动物乌梢蛇的胆。将蛇剖开腹部，找出胆囊，用线扎住胆管上端，然后沿结扎处上方剪断，取出晾干。,性凉，味苦微甘，无毒。,祛风，通络，止痉。用于风湿顽痹，麻木拘挛，中风口眼歪斜，半身不遂，抽搐痉挛，破伤风，麻风疥癣，瘰疬恶疮。,滋补肝肾，强筋健骨去风除湿，舒筋通络、活雪通脉、行气止痛；清热解毒等功效。血虚生风者忌用…
猪胆汁,猪胆汁为猪科动物的胆汁，可作中药，味苦、寒、咸，功效分类为化痰止咳平喘药，化痰药。,苦、寒、咸。,为化痰止咳平喘药，化痰药。猪胆汁一个，冲温开水服，治黄疸；猪胆汁一个，调入雄黄粉10克成糊状，涂搽患处，治头癣；猪胆一个，调入雄黄粉少许，将患指塞入猪胆内，猪胆口部用线扎住，一两日换一个，治脓性指头炎；猪胆内装满黑豆，蒸熟，晒干，每次服二十至三十粒，一日两次，治高血压。,治消渴、便秘、黄疸、百日咳、哮喘、泄泻、痢疾、目赤、喉痹、盯耳、痈肿…
金银花,又名忍冬，忍冬花，金花，银花，二花，密二花等。,金银花味甘，微苦，性寒。归肺、胃、心、大肠经。,乙脑、流脑，痢疾，热淋，胆道感染，创口感染，疮疡痛;肿毒，喉痹乳蛾，痈疽发背，内外痈肿，大肠生痈，抗炎，解热，降血脂，抗菌，抗病毒，增强免疫，痢疾、伤寒、脑膜炎，肺炎，身热头痛、心烦少寐、神昏舌绛、咽干口燥，急慢性扁桃体炎、牙周炎等。,用于预防乙脑、流脑，对肺炎球菌、脑膜炎双球菌、绿脓杆菌、结核杆菌、志贺氏痢疾杆菌、变形链球菌等有抑菌和杀菌作用…
金莲花,别名旱荷，茎柔软攀附，叶圆形似荷叶，是很好的装饰用花卉，具药用功能。,味苦，性寒。,清热解毒、抗病毒、抗菌。,急、慢性扁桃体炎，急性中耳炎，急性鼓膜炎，急性结膜炎，急性淋巴管炎。…
玳瑁,玳瑁属爬行纲，海龟科的海洋动物，分布在广大的海域中。其甲片可入药。,味甘，性寒，无毒。,有清热解毒、镇心安神、平肝熄风的作用。,可用于温热病的壮热神昏、说胡话，以及小儿惊风、神昏痉厥抽搐等症。
连翘,又名一串金、旱连子、黄奇丹、连壳、黄花条、落翘等。,连翘味苦，性微寒。入心、肝、胆、胃、三焦、大肠经。,抗炎、抗菌、抗病毒、解热、镇痛、强心、利尿、降血压、抑制弹性蛋白酶活力、抗内毒素，热病初起，风热感冒，心烦，咽喉肿痛，斑疹，丹毒，急性肾炎，热淋，肠刺痛，肠热，身热口渴，面赤唇焦，口舌生疮，便秘溲赤，大便不畅，乳腺炎，肠痈，结核不消等。,用于清热、解毒、散结排脓，风热感冒，痈疽，乳痈，丹毒，风热感冒，温病初起，温热入营，高热烦渴，神昏发斑，热淋尿闭…
穿心莲,别名榄核莲、一见喜、斩舌剑、苦草、苦胆草、四方草,苦，寒。归心、肺、大肠、膀胱经。,清热解毒，凉血消肿。治急性菌痢，胃肠炎，感冒，流脑，气管炎，肺炎，百日咳，肺结核，肺脓疡，胆囊炎，高血压，鼻衄，口咽肿痛，疮疖痈肿，水火烫伤，毒蛇咬伤。,治疗各种感染性疾病，治疗钩端螺旋体病，治疗肠伤寒，治疗急性黄疽型肝炎，治疗肺炎及其他呼吸道炎症，治疗小儿消化不良和菌痢，治疗小儿乙型脑炎，治疗麻风…
大青叶,爵床科植物马蓝。十字花科植物菘蓝及大青。蓼科植物蓼蓝。豆科植物木蓝。以上植物的叶，都做为大青叶使用，也均能作为制青黛的原料，除木蓝外，其根均作为板蓝根使用。,味苦，性寒。味苦，性寒。,清热，解毒，凉血，止血。治温病热盛烦渴，流行性感冒，急性传染性肝炎，菌痢，急性胃肠炎，急性肺炎，丹毒，吐血，衄血，黄疸，痢疾。,用于热病高热烦渴；神昏；斑疹；吐血；衄血；黄疸；泻痢；丹毒；喉痹；口疮；痄腮…
板蓝根,又名靛青根、蓝靛根、大青根等。全国各地均产。,板蓝根味苦、性寒；归心、胃、肝、胆经。,温毒发斑；高热头痛，大头瘟疫;舌绛紫暗，烂喉丹痧;丹毒，喉痹，疮肿、痈肿；水痘，麻疹；流行性感冒，流脑，乙脑，肺炎，神昏吐衄，咽肿，火眼，疮疹；可防治肝炎，流行性乙型脑炎、急慢性肝炎、流行性腮腺炎、骨髓炎；白血病，抗肿瘤，提高免疫功能。,板蓝根常用于防治流行性乙型脑炎，传染性肝炎，流行性腮腺炎，治疗感冒，暴发性红眼，扁平疣，单纯性疱疹性口炎等…
青黛,本品为爵床科植物马蓝、蓼科植物蓼蓝或十字花科植物菘蓝的叶或茎叶经加工制得的干燥粉末或团块。别名：靛、靛花、靛沫、蓝靛,咸，寒。,清热解毒，凉血，定惊。用于温毒发斑，血热吐衄，胸痛咳血，口疮，痄腮，喉痹，小儿惊痫。,青黛尚可治疗间接胆红素增高症、癫痫、鼻前庭炎、消化道出血、褥疮、睾丸炎、肛门湿疹以及老年性阴道炎等。靛玉红可引起强烈腹泻和便血。胃寒者慎用…
鸡蛋花,鸡蛋花别名缅栀子、蛋黄花，原产美洲，适合于庭院、草地中栽植，也可盆栽，可入药。,味甘，性平，无毒。,具有清热解暑、润肺润喉咙的功效，还可以治疗咽喉疼痛等疾病。,主治感冒发热，肺热咳嗽，湿热黄疸，泄泻痢疾，尿路结石等症。
贯众,主要为鳞毛蕨科植物粗茎鳞毛蕨，蹄盖蕨科植物蛾眉蕨，球子蕨科植物荚果蕨，紫萁科植物紫萁，乌毛蕨科植物乌毛蕨、苏铁蕨、狗脊蕨等的根茎。春、秋采挖，削去叶柄、须根，除净泥土，晒干。,苦，凉。,杀蛔、绦、蛲虫，清热，解毒，凉血，止血。治风热感冒。温热斑疹，吐血，衄血，肠风便血，血痢，血崩，带下，疮疡，尿血，月经过多，刀伤出血，蛔虫、饶虫、绦虫病，人工流产，产后出血。,阴虚内热及脾胃虚寒者不宜，孕妇慎用…
蒲公英,又名蒲公草、食用蒲公英、尿床草、地丁、婆婆丁等。,蒲公英味甘，微苦，性寒。归肝、胃、肾经。,急性乳腺炎，淋巴腺炎，瘰疠，疔毒疮肿，急性结膜炎，感冒发热，急性扁桃体炎，急性支气管炎、胃炎，肝炎，胆囊炎，尿路感染，清肝热，肝热目赤肿痛，乳痈肿痛，抗肿瘤，利湿，胃溃疡，利胆，保肝，抗菌，急性阑尾炎，盆腔炎，眼结膜炎，上呼吸道感染等。,用于消化不良、便秘，叶子还有改善湿疹、舒缓皮肤炎、关节不适的净血功效，根则具有消炎作用，可以治疗胆结石、风湿等…
桑树叶,：桑叶是桑科植物桑的干燥叶，又名家桑、荆桑、桑椹树、黄桑等。,味苦，性平。,疏散风热，清肝明目，清肺润燥。,风热感冒和目赤肿痛，燥热伤肺和干咳少痰。…
紫花地丁,"别名 
铧头草、光瓣堇菜、堇堇菜、箭头草、地丁、角子、独行虎、地丁草、宝剑草、犁头草、紫地丁、免耳草、金前刀、小角子花。",辛、苦、心经、肝经。,可入药，其性寒味微苦，清热解毒，凉血消肿。主治黄疸、痢疾、乳腺炎、目赤肿痛、咽炎;外敷治跌打损伤、痈肿、毒蛇咬伤等。,黄疸内热。痈疽恶疮、痈疽发背、疔疮肿毒、喉痹肿痛…
野菊花,又名野黄菊花、苦薏、山菊花、甘菊花等。,野菊花味辛、苦;性微寒，归肺、肝经。,预防感冒、脑炎;红眼病，咽喉肿痛，湿疹，皮肤瘙痒，痈疽疔肿、丹毒、毒蛇咬伤，痔疮伴炎症，前列腺炎，宫颈炎，慢性盆腔炎，外生殖器瘙痒，治泌尿系统感染，肠风，肝热型高血压，排脓解毒，消肿止痛;霍乱，腹痛，白喉，口疮，小儿高热抽搐，高血压等。,用于痈疽疗肿化脓病，功能清热解毒，消肿。对金黄色葡萄球菌、白喉杆菌、绿脓杆菌、蒺疾杆菌、流感病毒，均有抑制作用…
重楼,,苦，微寒；有小毒。归肝经。,,用于疔疮痈肿，咽喉肿痛，毒蛇咬伤，跌扑伤痛，惊风抽搐…
梨皮,梨皮，为蔷薇科梨属植物白梨、沙梨、秋子梨的果皮。气微，味微甜而酸。,性凉，味甘涩。,有清心降火，滋肾益阴，生津止渴，健脾益胃，除烦去湿的功效。,常用于治疗暑热烦渴，痢疾，咳嗽，吐血，发背，疔疮。
拳参,本品为蓼科植物拳参的干燥根茎。春初发芽时或秋季茎叶将枯萎时采挖，除去泥沙，晒干，去须根。别名：紫参、草河车、刀剪药、铜罗,苦、涩，微寒。,清热解毒，消肿，止血。用于赤痢，热泻，肺热咳嗽，口舌生疮，吐血，衄血，痔疮出血，毒蛇咬伤。,拳参味苦性凉，入大肠经能清热解毒，凉血止痢，故可用治下痢脓血等症。无实火热毒者不宜。阴证外疡忌服…
漏芦,狼头花、野兰、鬼油麻、独花山牛蒡、和尚头花、鹿骊、和尚头、大头翁、祁漏芦、禹漏芦、龙葱根、毛头。,味微咸，性寒，有小毒、胃经。,清热解毒，消痈，下乳，舒筋通脉。用于乳痈肿痛，痈疽发背，瘰疬疮毒，乳汁不通，湿痹拘挛。,《本经》“皮肤热毒，恶疮疽痔，湿痹，下乳汁。久服轻身益气，耳目聪明，不老延年。”《本经逢原》漏芦，《本经》治热毒恶疮，下乳汁，以其能利窍也，为消毒排脓杀虫要药。盖咸能软坚，寒能解毒，故服之必大便作泻，使邪从下而出也…
冬凌草,冬凌草又名冰凌草，具有消炎止痛、健胃活血之效。,味苦、甘，性微寒。,清热毒、活血止痛、抑菌、抗肿瘤,咽喉肿痛、扁桃体炎、感冒头痛、气管炎、慢性肝炎、关节风湿痛、蛇虫咬伤。…
土茯苓,又名禹余粮、白余粮、刺猪苓、土苓、红土苓等。,土茯苓味甘、淡，性平，有毒。归肝、胃、脾经。,梅毒，丹毒，淋病，筋骨挛痛，脚气，疗疔疮，抗肿瘤，预防肝癌，杨梅风，血淋，风湿骨痛，疮疡肿毒，风气痛，风毒疮癣，大毒疮红肿，皮炎，妇人红崩，白带，小儿疳积，瘿瘤，小儿先天性梅毒性口炎，慢性盆腔炎，银屑病，急性菌痢，膝关节积液，头痛等。,用于治梅毒，淋病，脚气，疗疔疮，痈肿，瘰疬，梅毒及汞中毒所致的肢体拘挛，筋骨疼痛，对预防肝癌有一定的实用价值等…
鱼腥草,又名折耳根、臭菜、侧耳根、臭根草、臭灵丹、朱皮拱,鱼腥草味辛、苦，性寒。归肝、肺、膀胱、大肠经。,肺炎、上呼吸道感染、支气管炎、百日咳、流感、肺脓疡、癌性胸水、肺癌、宫颈糜烂、化脓性关节炎、习惯性便秘、急性细菌性痢疾、急性黄疸性肝炎、肾病、单纯疱疹性角膜炎、鼻炎、扁桃腺炎，化脓性中耳炎、丘疹状荨麻疹、咽炎、前列腺炎等。,用于抗病原微生物作用，尿路感染的频尿涩痛，肺痈咳吐脓血及肺热咳嗽，痰黄而稠，肺脓疡，肺炎，急、慢性气管炎等…
金荞麦,金荞麦为蓼科植物，别名苦荞麦、野桥荞麦、天荞麦。多年生宿根草本，高0.5-1.5m。主根粗大，呈结节状，横走，红棕色。茎直立，多分枝，具棱槽，淡绿微带红色，全株微被白色柔毛。单叶互生，具柄，柄上有白色短柔毛。清热解毒，排脓祛瘀。用于肺脓疡，麻疹肺炎，扁桃体周围脓肿。金荞麦适应性较强，喜温暖气候，在15－30℃的温度下生长良好，在-15℃左右地区栽培可安全越冬。适宜在肥沃疏松的砂壤土中种植，而黏土及排水差的地种植产量、质量均差…,,,
大血藤,别名血藤、红皮藤、千年健、大活血、五花血藤、红藤、赤沙藤、蕨心藤、活血藤、血通、血木通、穿尖龙、半血莲、过血藤、血灌肠、花血藤、黄梗藤、八卦薛、黄鸡 藤、血陈根、红牛鼻陈、山红藤、五花七、五花血通、大血通、红血藤、黄省藤、鱼藤、红菊花心、过山龙、血竭、见血飞、槟榔钻。,"味甘、苦,凉。归心、肝经。",败毒消痈，活血通络，祛风杀虫的作用。,治急、慢性阑尾炎，肠痈腹痛，风湿痹痛，赤痢，血淋，月经不调，经闭痛经，疳积，虫痛，跌扑损伤…
生地黄,本品为玄参科植物地黄的新鲜或干燥块根。秋季采挖，除去芦头、须根及泥沙，鲜用；或将地黄缓缓烘焙至约八成干。前者习称“鲜地黄”，后者习称“生地黄”。,甘，寒。,清热凉血，养阴，生津。用于热病舌绛烦渴，阴虚内热，骨蒸劳热，内热消渴，吐血，衄血，发斑发疹。,生地黄置通风干燥处，防霉、防蛀。脾胃有湿邪及阳虚者忌服…
玄参,又名元参、浙玄参、黑参、乌元参重台，鬼藏，正马等。,玄参味甘、苦、咸;性微寒。归肺，胃，肾经。,清热凉血，泻火解毒，温邪入营，内陷心包，温毒发斑，热病伤阴、舌绛烦渴、津伤便秘、骨蒸劳嗽、目赤、咽痛、瘰疬、白喉、咽喉肿痛，痈肿疮毒，解毒消肿;口燥咽干、大便燥结、消渴，滋养肾阴;抗菌，镇静，降压，强心，扩张血管，抗惊厥，肺热咳嗽等。,用于温热病热入营血，伤阴之证;伤阴劫液致身热烦渴，夜寐不安;温热病热陷心包之壮热，神昏谵语者;温热病高热发斑者…
牡丹皮,别名 牡丹根皮、丹皮、丹根。,性寒，味苦;凉;归心;肝;肾;肺经,清热凉血;活血散瘀。有抗炎作用;牡丹皮的甲醇提取物有抑制血小板作用;牡丹酚有镇静、降温、解热、镇痛、解痉等中枢抑制作用及抗动脉粥样硬化、利尿、抗溃疡等作用。,主治热病入血发斑，吐血衄血，惊痫，限虚潮热骨蒸，心中烦热，血滞经闭，痛经，肠痈疮毒辣，跌扑伤痛。用于温病热入营血，虚劳发热无汗者，用于治疗肝经郁热所致的胁痛、头痛、月经不调…
铁观音,介于绿茶和红茶之间，属于半发酵茶类，铁观音独具“观音韵”，清香雅韵,味甘涩，性温。,抗衰老、抗癌症、抗动脉硬化、防治糖尿病。,减肥健美、防治龋齿、清热降火，敌烟醒酒。…
赤芍,为药毛茛科植物芍药(野生种)、草芍药、川赤芍等的根,赤芍味苦、酸涩，气微香，性微寒。归肝、脾经。,清热凉血、活血祛瘀。主温毒发斑、吐血衄血、肠风下血、目赤肿痛、痈肿疮疡、闭经、痛经、崩带淋浊、瘀滞胁痛、疝瘕积聚、跌扑损伤，五淋、血痢腹痛、温热病，营血、发热、舌绛、身发斑疹、抗血栓、抗血小板聚集、降血脂、抗动脉硬化、抗肿瘤、保肝等。,能行瘀、止痛、凉血、消肿。用于月经不调、闭经、乳腺炎；研极细末，加水调成糊状，敷面有洁面祛斑的作用，祛除黄褐斑…
紫草,别名 硬紫草、软紫草、藐、茈草、紫丹、紫苭、地血。,苦，寒、心经、肝经。,凉血，活血，解毒透疹。用于血热毒盛、斑疹紫黑、麻疹不透、疮疡、湿疹、水火烫伤。清热凉血，用于麻疹，热病癍疹，湿疹，尿血，血淋，血痢，疮疡，丹毒，烧伤，热结便秘。,胃肠虚弱、大便滑泄者慎服。《本草经疏》：痘疮家气虚脾胃弱、泄泻不思食、小便清利者，俱禁用…
水牛角,本品为牛科动物水牛的角。取角后，水煮，除去角塞，干燥。,苦，寒。归心、肝经。,清热解毒，凉血，定惊。用于温病高热，神昏谵语，发斑发疹，吐血衄血，惊风，癫狂。,本品咸寒。专入血分，善清心肝胃三经之火而有凉血解毒之功。为治血热毒盛之要药。其清热凉血解毒之功与犀角相似而药力较缓，可作犀角的代用品，但用量较犀角为大。约为犀角十倍。中虚胃寒者慎服。大量服用，常有上腹部不适，恶心，腹胀，食欲不振等反应…
溪黄草,又名熊胆草、血风草、黄汁草、香茶菜、土黄连等。,溪黄草味甘、苦，性凉;归肝、胆、大肠经。,急性肝炎，早期肝硬化，黄疸型肝炎，急性黄疸型肝炎，黄疸，清肝利胆，退黄祛湿，凉血散瘀;急性胆囊炎，恶寒发热，右上腹疼痛，牵及右肩背部，口干苦，恶心呕吐，大便干结;腹泻，痢疾，肠炎，肠炎，湿热下痢，癃闭，瘙闭，跌打瘀肿，宫颈癌等。,用于治疗急性黄疸型肝炎、痢疾、肠炎、跌打瘀痛等病症;治急性胆囊炎而有黄疸者;宫颈癌(HeLa)细胞有显着的抑制作用等…
雪菊,雪菊又名两色金鸡菊，是药食两用植物，含有多种药理成分。,味甘，性凉。,疏风清热、健脑明目、解毒消肿。,对肺炎、鼻炎、支气管炎、咽喉肿痛等有明显疗效。…
忍冬藤,忍冬藤又名千金藤，多年生半常绿缠绕灌木，是一种具有中药特效的草本植物。。,味甘，性温，无毒。,有清热解毒，疏风通络，止气下澼，补气宽中，补虚疗风的功效。,用于温病发热，热毒血痢，痈肿疮疡，风湿热痹，关节红肿热痛等症。
黄芩,又名山茶根、黄芩茶、土金茶根、黄花黄芩、大黄芩等。,黄芩味苦，性寒。归肺、胆、脾、胃、大肠、小肠经。,清热燥湿，泻火解毒，止血，安胎，抗菌，抗病毒，抗病原体、调节免疫，抗炎，保肝，利胆，镇静，降血脂，降血压，肺炎、痢疾、咳血，小儿心热惊啼，上呼吸道感染，肠炎，少阳头痛及太阳头痛，太阳与少阳合病，崩中下血，产后血渴，白癜风，汗后余毒等。,用于湿温、暑温胸闷呕恶，湿热痞满，泻痢，黄疸，肺热咳嗽，高热烦渴，血热吐衄，痈肿疮毒，胎动不安等，脾胃虚寒者禁用…
甘蔗,别称薯蔗、糖蔗，黄皮果蔗。,味甘、性寒，归肺、胃经。,主治下气和中，助脾气，利大肠，消痰止渴，除心胸烦热，解酒毒;还可治呕吐反胃，宽胸膈。甘蔗与酒共食，生痰;多食，发虚热，引起鼻出血。烧灰存性，研末，小儿头疮白秃，频涂可愈。注意烧的烟勿入人眼，否则能使人视力下降。,一般人群均可食用，脾胃虚寒、胃腹寒疼者不宜食用。甘蔗是能清、能润，甘凉滋养的食疗佳品，古往今来被人们广为称道，就连那些清高儒雅的文人墨客们对其也情有独钟…
黄连,又名黄连、川连、姜连、川黄连、姜黄连、姜川连等。,味苦、性寒，无毒。归心、脾、胃、肝、胆、大肠经。,清热燥湿，泻火解毒，呕吐吞酸，泻痢，黄疸，高热神昏，心火亢盛，心烦不寐，血热吐衄，目赤，牙痛，消渴，痈肿疔疮，湿疹，湿疮，耳道流脓，目赤，口疮，清胃，舒肝，肝胃不和，呕吐吞酸，降压，解毒，抗心律失常，抗菌、降血糖、抗肿瘤、保护胃黏膜等。,用于湿热痞满，呕吐，泻痢，牙痛，消渴;外治湿疹，湿疮，耳道流脓;用于目赤，口疮，寒热互结，湿热中阴，痞满呕吐等…
橄榄油,是由新鲜的油橄榄果实直接冷榨而成的。,富含丰富的单不饱和脂肪酸——油酸，还有维生素A、维生素B、维生素D、维生素E、维生素K及抗氧化物等。,能减少癌症的发生和增强癌症病人化疗和放疗的治疗效果;能减慢老年人神经细胞功能退化和大脑萎缩，进而能预防和推迟发生老年性痴呆;能促进胆汁分泌和激化胰酶的活力，从而可以起到防控胃溃疡、十二指肠溃疡和胆道疾病的作用。,一般人均可食用，但菌痢患者、急性肠胃炎患者、腹泻者以及胃肠功能紊乱者不宜多食…
黄柏,黄柏，为芸香科植物黄皮树或黄檗的干燥树皮，别名黄檗、元柏、檗木、檗皮。呈板片状或浅槽状，长宽不一，厚3～6mm。体轻，质硬，断面纤维性，呈裂片状分层，深黄色。气微，味甚苦，嚼之有粘性。用于湿热泻痢，黄疸，带下，热淋，脚气，痿辟，骨蒸劳热，盗汗，遗精，疮疡肿毒，湿疹瘙痒。盐黄柏滋阴降火。用于阴虚火旺，盗汗骨蒸。1、分布于东北及华北；2、分布于陕西南部、浙江、江西、湖北、四川、贵州、云南、广西等地…,,,
龙胆,为龙胆科植物龙胆或三花龙胆的根及根茎。采挖后，除去茎叶，洗净，晒干。别名：陵游、草龙胆、龙胆草。,苦，寒。入肝、胆经。,泻肝胆实火，除下焦湿热。治肝经热盛，惊痫狂躁，乙型脑炎，头痛，目赤，咽痛，黄疸，热痢，痈肿疮疡，阴囊肿痛，阴部湿痒。,用于湿热黄疽、阴肿阴痒、带下、湿疹瘙痒、耳聋、胁痛、口苦、惊风抽搐。脾胃虚弱作泄及无湿热实火者忌服…
杭白菊,白菊亦名小汤黄、小白菊，为桐乡地区的特产。杭菊在中国有悠久的栽培历史,性微寒，味甘苦。,具有清风散热、明目解毒等功效，同时也是解暑降温、清肝明目、提神、利尿的作用。,可用于治疗湿热黄疸、胃痛食少、水肿尿少、高血压、偏头痛、急性结膜炎等症。
秦皮,本品为木犀科植物苦枥白蜡树、白蜡树、尖叶白蜡树或宿柱白蜡树的干燥枝皮或干皮。春、秋二季剥取，晒干。别名：梣皮。,苦、涩，寒。,清热燥湿，收涩，明目。用于热痢，泄泻，赤白带下，目赤肿痛，目生翳膜。,对湿热下痢、里急后重，常配伍白头翁、黄连、黄柏等同用。用于目赤肿痛等症，可与黄连、竹叶等配伍同用；也可用以煎汁洗眼…
苦参,又名苦骨、川参、凤凰爪、牛参、地骨、野槐根、地参等,苦参味苦，性寒，小毒。归肝、肾、大肠、小肠经。,细菌性痢疾，急性肠胃炎，急性传染性肝炎，小儿肺炎，急性扁桃体炎，慢性气管炎，蓝氏贾第鞭毛虫病，人肠滴虫，滴虫性阴道炎，血吸虫病腹水，抗肿瘤，升白细胞，平喘祛痰，安定，抗过敏，利尿，黄疸，小便不利，水肿，带下，阴痒，疥癣，麻风，皮肤瘙痒等。,用于湿热下痢，黄疸，赤白带下，阴部瘙痒等，与黄柏、龙胆草合用;用于周身风痒，疥疮顽癣，与赤芍、地黄、白藓皮等合用…
白鲜皮,别名白藓皮、八股牛、山牡丹、羊鲜草、北鲜皮、藓皮、野花椒根皮、臭根皮。,性寒；味苦，苦，咸。归脾；肺；小肠；胃；膀胱经。,有抗菌作用，体外试验1：4的水浸液对多种致病真菌如堇色毛癣菌、同心性毛癣菌等均有不同程度的抑制作用；另外该品对心血管系统及血液有影响；对子宫及肠平滑肌有影响；还具有抗癌作用和解热作用。,清热燥湿、祛风止痒、解毒。用于风热湿毒所致的风疹、湿疹、疥癣疮癞、黄疸、尿赤、湿热、风湿痹痛…
红茶,主产地在中国、斯里兰卡、印度、印度尼西亚、肯尼亚。,红茶富含胡萝卜素、维生素A、钙、磷、镁、钾、咖啡碱、异亮氨酸、亮氨酸、赖氨酸、谷氨酸、丙氨酸、天门冬氨酸等多种营养元素。,"常喝红茶对身体健康是有很多帮助的，能够抗癌、抗氧化;红茶中所含的茶多酚具有抗菌消炎的作用，如果眼睛出现红丝，可以每天用红茶水洗几次。你会明显的发现你的视力变得清晰明亮，而且红血丝也减少了。另外， 
红茶中含有丰富的酸素，该元素可阻止毛细血管出血。",体寒、肠胃不好、有心血管疾病患者宜食…
苦豆子,别名苦豆根、苦甘草[西北]、布亚。,苦，寒，有毒，心经，肺经。,清热利湿，止痛，杀虫。全草：用于细菌性痢疾，阿米巴痢疾。种子：用于胃痛，滴虫性肠炎，白带过多：外用治疮疖，湿疹，顽癣。,苦豆子主要生物碱属于喹里西啶生物碱，一般称之为羽扇生物碱，具有清热解毒、抗菌消炎作用，民间用其根治疗喉痛、咳嗽及湿疹等。经现代药理、药效学方法研究证明，苦豆子生物碱具有：抗病毒、抗肿瘤、抗心律失常、抗炎、抗变态反应、抗溃疡、升高白细胞、平喘、清热、止痛、杀虫、镇静、镇痛和多种保健功效…
三颗针,为小檗科植物刺黑珠、毛叶小檗、黑石珠等的根皮或茎皮。别名：钢针刺、刺黄连。,性寒，微苦，无毒。,1.细叶小檗分布东北、华北及狭西、山东、河南等地。2.刺黑珠分布湖北、四川、贵州等地。3.蓝果小檗公布河北、四川、云南。4.猫刺小檗，分布于狭西、甘肃、湖北、四川等地。5.匙叶小檗分布秦岭西端甘肃南部至西部、青海东部及新疆等地区。,配栀子：二药合用，清热利湿，消退黄疸；配黄连：清热利湿，凉血止血，效果更佳；配薄荷：清解风热，专利咽喉；本品脾胃虚寒者慎用…
地胆头,地胆头，别名苦地胆、天芥菜，分布在中国南方各省，特别在广东、广西和福建多见。,味苦辛，性寒。,有清热解毒、消肿利尿、凉血之功效。,治感冒、菌痢、胃肠炎、扁桃体炎、咽喉炎、肾炎水肿、结膜炎、疖肿等症。
马尾连,别名马尾黄连，以根部入药。春、秋季将根挖出，剪去地上茎叶，洗去泥土，晒干。,苦，寒。,《纲目拾遗》：去皮里膜外及筋络之邪热，小儿伤风及痘科用;《西藏常用中草药》：清热解毒，祛风凉血，消炎止痢。治结膜炎，传染性肝炎，痈肿疮疖，痢疾。叶、花治关节炎;《新疆中草药手册》：清热燥湿。,清热燥湿，泻火解毒。用于肠炎，痢疾，黄疸，目赤肿痛…
芦荟胶,"芦荟胶是以""冷冻稳定法""技术从天然草本植物""芦荟""中萃取而成，其纯度非常高，无毒副作用。",无味、苦涩。,作为护肤品，具有消炎、杀菌；止血、镇痛、消肿、止痒、复健、再生、抗过敏、加速伤口愈合、减少疤痕的作用。,芦荟胶可以食用，对于镇定安宁、肚痛、喉咙痛等内部症状有一定的缓解作用，还有清目明目的功效。除此之外，年长者经常涂用，还可预防白内障。芦荟胶还有有激活细胞活力，延缓皮肤衰老，收敛，调和皮肤的作用…
蛇莓,蛇莓别名：蛇泡草、龙吐珠，多野生于山坡、草地上、路旁、沟边或田埂杂草中。,味甘、苦，性寒。,有清热解毒、活血散瘀、收敛止血作用。,治热病、惊痫、咳嗽、吐血、咽喉肿痛、痢疾、痈肿、疔疮、蛇虫咬伤、汤火伤。…
委陵菜,本品为蔷薇科植物委陵菜的干燥全草。春季未抽茎时采挖，除去泥沙，晒干。别名：毛鸡腿子、野鸡膀子、蛤蟆草、山萝卜、翻白草、白头翁,苦，寒。归肝、大肠经。,清热解毒，凉血止痢。用于赤痢腹痛，久痢不止，痔疮出血，痈肿疮毒。,热毒泻痢。本品苦寒，清热解毒，长于清泻大肠热毒，可单用本品研末冲服，治疗热毒泻痢或湿热泻痢；血热出血。本品寒凉，入肝经血分，能清血分热邪而凉血止血…
金线莲,金线莲，中药正名为金线兰。为兰科开唇兰属植物花叶开唇兰和金线兰的全草。,味淡，性微温，有小毒。,有清热凉血、祛风利湿、解毒、止痛、镇咳等功效。,主治咯血、支气管炎、肾炎、膀胱炎、糖尿病、血尿、风湿性关节炎肿瘤等疑难病症。…
翻白草,又名鸡腿根、鸡腿子、白头翁[广西、福建]、叶下白、郁苏参、鸡爪参、土洋参。,甘、微苦，平。,清热，解毒，止血，消肿。治痢疾，疟疾，肺痈，咳血，吐血，下血，崩漏，痈肿，疮癣，瘰疬结核。,治细菌性痢疾，阿米巴痢疾，治疟疾寒热及无名肿毒，治肺痈，治咳嗽，治痰喘，治吐血不止，治崩中下血，治大便下血，治创伤出血，治血友病，治脾胃虚弱白带，治腮腺炎，治疔毒初起，不拘已或未成…
赶黄草,赶黄草一般指扯根菜，又名赶黄草、水泽兰等，为虎耳草科扯根菜属植物扯根菜的地上部分。,性温，味甘，无毒。,具有清热解毒、退黄化湿、活血散瘀、利水消肿之功效。,主治黄疸、水肿、经闭、血崩、带下、跌打损伤，及各种急慢性肝炎、胆囊炎、脂肪肝等症。…
半边莲,别名 细米草、半边花、急解索、半边菊、金菊草。多年生矮小草本，高5~15厘米。全株光滑无毛，有乳汁。,性平，味辛。归心经、小肠经、肺经。,利尿消肿、清热解毒。属清热药下属分类的清热解毒药。主治：小便不利，面目浮肿、蛇虫咬伤、胃癌肠癌、食管癌、肝癌及其并发腹水等病症。,可归类在清热解毒药中，也可归类在利水化湿药中。既是著名的解蛇毒药，又是著名的治水肿药…
白花蛇舌草,别名蛇舌草、蛇舌癀、蛇针草、蛇总管、二叶葎、白花十字草、尖刀草、甲猛草、龙舌草、蛇脷草、鹤舌草。,味苦甘，性寒，无毒。,清热解毒、消痛散结、利尿除湿。,可治疗多种疾病，主肺热喘咳，咽喉肿痛，肠痈，疖肿疮疡，毒蛇咬伤，热淋涩痛，水肿，痢疾，肠炎，湿热黄疸，癌肿。在临床实践中，可治小儿肺炎、急性扁桃体炎、阑尾炎、输精管结扎术后副睾郁积症、盆腔炎、附件炎、子宫肌瘤、乙肝、尿路感染、肾积水、湿疹等症…
山慈菇,别称金灯花、鹿蹄草、山茨菇、慈姑、毛慈姑、人头七。,甘、微辛，凉。归肝、脾经。,1.杜鹃兰分布于长江流域以南地区及山西、陕西、甘肃等地。2.独蒜兰分布于华东、中南、西南及陕西、甘肃等地。3.云南独蒜兰分布于四川西南部、贵州西部至北部、云南西北部至东南部、和西藏东南部。,清热解毒，化痰散结。主治痈肿疔毒，瘰疬痰核，蛇虫咬伤，瘸瘕痞块…
枸杞根,：地骨皮，别名：枸杞皮，为茄科、枸杞属植物，是枸杞的根皮。可入药，具有凉血除珍、清肺降火等功效。,：甘，寒。,：凉血除蒸，清肺降火。,：治虚劳潮热盗汗，肺热咳喘，吐血，衄血，血淋，消渴，高血压，痈肿，恶疮。
熊胆,熊科动物黑熊、东北马熊或棕熊胆囊内的干燥胆汁。别名：狗熊胆、黑瞎子胆。,苦，寒。,清热解毒；平肝明目；杀虫止血。主湿热黄疸；暑湿泻痢；热病惊痫；目赤翳障；喉痹；鼻蚀；疔疮；痔漏；疳疾；蛔虫，多种出血。,所含胆汁酸盐有利胆作用，可显著增加胆汁分泌量，对总胆管、括约肌有松弛作用；鹅去氧胆酸有溶解胆结石作用。其所含熊去氧胆酸能降低血中胆固醇和甘油三酯；并有很强的解痉作用。脾胃虚寒者忌服，虚寒证当禁用…
香蕉,别称金蕉、弓蕉。,香蕉是淀粉质丰富的有益水果。味甘性寒，可清热润肠，促进肠胃蠕动，但脾虚泄泻者却不宜。根据“热者寒之”的原理，最适合燥热人士享用。痔疮出血者、因燥热而致胎动不安者，都可生吃蕉肉。,民间验方用香蕉炖冰糖，医治久咳;用香蕉煮酒，作为食疗。近代医学建议，用香蕉可治高血压，因它含钾量丰富，可平衡钠的不良作用，并促进细胞及组织生长。用香蕉可治疗便秘，因它能促进肠胃蠕动。,香蕉延年益寿，老少皆宜，是减肥者的首选…
千里光,又名九里明、九里光、黄花母、九龙光、九岭光。是一种中草药，生于山坡、疏林下、林边、路旁、沟边草丛中。多年生蔓性草木，长2～5米。根状茎圆柱形，土黄色，下生多条粗壮根及少量须根。茎圆柱形细长，曲折稍呈“之”字形上升，上部多分枝，有毛，后渐脱落。叶椭圆状或卵状披针形。清热解毒，凉血消肿，清肝明目。用于风火赤眼，疮疖肿毒，皮肤湿疹及痢疾腹痛等病症。五钱至一两，煎服。外用鲜全草适量，捣烂敷或煎水洗…,,,
白蔹,又名山地瓜、野红薯、山葡萄秧、白根、五爪藤等，为葡萄科植物白蔹的干燥块根。分布于华北、东北、华东、中南及陕西、宁夏、四川等地。春、秋二季采挖，除去泥沙及细根，切成纵瓣或斜片，晒干。,味苦、性寒。,清热解毒;散结止痛;生肌敛疮。,主治疮疡肿毒，瘰疬，烫伤，湿疮，温疟，惊痫，血痢，肠风，痔漏，白带，跌打损伤，外伤出血…
四季青,为冬青科冬青属植物冬青以根皮、叶及种子入药。根皮、叶全年可采；种子秋、冬采，分别晒干。别名：红冬青、油叶树、树顶子,苦，寒。,清热解毒；生肌敛疮；活血止血。主肺热咳嗽；咽喉肿痛；痢疾；腹泻；胆道感染；尿路感染；冠心病心绞痛；烧烫伤；热毒痈肿；下肢溃疡；麻风溃疡；湿疹；冻疮；皲裂；血栓闭塞性脉管炎；外伤出血,内服：煎汤。外用：适量，鲜品捣敷；或水煎洗、涂…
普洱茶,属于黑茶，因产地旧属云南普洱府），故得名。,温和。,降脂、减肥、养颜、降压、抗动脉硬化；防癌、抗癌；健齿护齿；护胃、养胃；抗衰老；防辐射；美容；明目；养脚。,普洱茶中含有丰富的矿质元素和有机物。它们作为营养成普洱茶分和药理成分作用于人体。且长期饮用普洱茶无副作用。普洱茶经微生物作用，大分子多糖类物质转化成了大量新的可溶性单糖和寡糖…
绿豆,又名青小豆、菉豆、植豆，是豆科蝶形花亚科豇豆属植物。,绿豆味甘、性寒，无毒，归心，胃经。,解暑消渴，感冒发热，霍乱吐泻，痰热哮喘，头痛目赤，口舌生疮，水肿尿少，小便不利，疮疡痈肿，风疹丹毒，药物及食物中毒，有机磷农药中毒、铅中毒、酒精中毒，金石丹火药毒，乌头毒，巴豆毒，烧伤，腮腺炎，复发性口疮，高血压，降血脂，抗肿瘤，抗菌等。,用于治疗荨麻疹等过敏反应。绿豆含丰富胰蛋白酶抑制剂，可以保护肝脏，减少蛋白分解，减少氮质血症，因而保护肾脏等…
蚤休,百合科植物七叶一枝花、金线重楼及其数种同属植物的根茎，又名蚩休、重楼、重台、草甘遂苦辛，寒，有毒。①《本经》：味苦，微寒。②《别录》：有毒。③《日华子本草》：冷，无毒。④《滇南本草》：性微寒，味辛苦。清热解毒，平喘止咳，熄风定惊。治痈肿，疔疮，瘰疬，喉痹，慢性气管炎，小儿惊风抽搐，蛇虫咬伤。体虚，无实火热毒，阴证外疡及孕妇均忌服。①《本草汇言》：热伤营阴吐衄血证忌用之。②《本经逢原》：元气虚者禁用…,,,
菊花茶,菊花为菊科多年生草本植物，是中国传统的常用中药材之一，主要以头状花序供药用。,甘苦，性微寒。,有散风清热、清肝明目和解毒消炎等作用；具有降血压、消除癌细胞、扩张冠状动脉和抑菌的作用，长期饮用能增加人体钙质、调节心肌功能、降低胆固醇。对肝火旺、用眼过度导致的双眼干涩也有较好的疗效。,需要注意的是，菊花性凉，虚寒体质、平时怕冷、易手脚发凉的人不宜经常饮用…
马鞭草,紫顶龙芽草、野荆芥、龙芽草、凤颈草、蜻蜓草、退血草、燕尾草。,性凉， 味微葳， 有凉血、散瘀、通经、清热、解毒、止痒、驱虫、消胀的功效。,清热解毒，活血散瘀，利水消肿。治外感发热，湿热黄疸，水肿，痢疾，疟疾，白喉，喉痹，淋病，经闭，症瘕，痈肿疮毒，牙疳。,活血散瘀，截疟，解毒，利水消肿。用于症瘕积聚，经闭痛经，疟疾，喉痹，痈肿，水肿，热淋…
雪胆,别名曲莲、罗锅底、苦金盆、蛇莲、金腰莲、金龟莲、金盆、赛金刚。,苦，寒，有小毒。,在体外对弗氏痢疾杆菌、溶血性链球菌、金黄色葡萄球菌、猪霍乱沙门氏菌等都有不同程度的抗菌作用，有效浓度为0.1μg/ml，效力与氯霉素相近或更强。对伤寒杆菌、大肠杆菌在10-100μg/ml浓度时也有抑菌作用。,清热解毒，健胃止痛。用于胃痛，溃疡病，上呼吸道感染，支气管炎，肺炎，细菌性痢疾，肠炎，泌尿系感染，败血症及其他多种感染…
灯心草,：为灯心草科植物灯心草的干燥茎髓。夏末至秋季割取茎，晒干，取出茎髓，理直，扎成小把。,：甘、淡，微寒。,：清心火，利小便。,：治淋病，水肿，小便不利，湿热黄疸，心烦不寐，小儿夜啼，喉痹，创伤。
三丫苦,又名：三叉虎、斑鸠花、三枝枪、三叉苦、三丫虎、三拜苦、小黄散、消黄散。,苦，寒。,清热，解毒，祛风，除湿。治咽喉肿痛，疟疾，黄疸型肝炎，风湿骨痛，湿疹，皮炎，疮疡。,用量15~30克，煎服，或研粉入丸散。外用鲜叶捣烂敷或煎水洗患处。用治热病高热不退、咽喉肿痛、热毒疮肿、风湿痹痛、湿火骨痛、毒蛇咬伤、胃热痛、跌打肿痛。外用治肤湿热疮、皮肤瘙痒、痔疮…
木芙蓉叶,是一种干燥叶片，有叶柄，粗约0.3厘米，黄褐色；叶片大形，常折叠，叶面灰绿色，叶背淡绿色，脉隆起，枝灰色星状毛。,“微辛，平，无毒。”,凉血，解毒，消肿，止痛。治痈疽焮肿，缠身蛇丹，烫伤，目赤肿痛，跌打损伤。,治疗局部化脓性感染：取木芙蓉叶、花晒干，研粉过筛，加凡士林调制成1：4软膏，外敷患处；治疗烫伤：用木芙蓉叶1斤，加凡士林2斤，文火煎熬至叶枯焦，过滤去渣，摊于消毒敷料上，或制成芙蓉叶膏外敷，每日换药1次…
荸荠,又名马蹄、水栗、芍、凫茈、乌芋、菩荠、地梨，荸荠皮色紫黑，肉质洁白，味甜多汁，清脆可口，有“地下雪梨”之美誉，北方人称之为“江南人参”，既可做水果生吃，又可做蔬菜食用。,凉，甘。,具有清热解毒、凉血生津、利尿通便、化湿祛痰、消食除胀的功效。,可用于治疗黄疸、痢疾、小儿麻痹、便秘等疾病；荸荠含有一种抗菌成分，对降低血压有一定效果，这种物质还对癌症有防治作用…
半枝莲,又名并头草，狭叶韩信草，牙刷草，挖耳草，虎咬红。,半枝莲味辛、苦，性寒。归肺、肝、肾经。,清热解毒，散瘀止血，定痛，治吐血，鼻出血，咯血，血淋，赤痢，黄疸，肺痈，疔疮，瘰疬，疮毒，癌肿，跌打损伤，刀伤，毒蛇咬伤，抗癌抑瘤，咽喉炎，咽喉肿痛，肝炎，尿道炎，小便血尿疼痛，胃气痛，抑菌，解痉祛痰，免疫调节，降压，利尿，白血病等。,用于与白花蛇舌草配合使用，用来延长肠癌患者的生存寿命，辛荑半枝莲炖墨鱼通鼻窍、抗癌肿，鼻咽癌患者常食有疗效等…
铁苋,为大戟科植物铁苋菜的全草。5～7月间采收，除去泥土，晒干。别名：人苋、海蚌含珠、撮斗撮金珠、六合草、半边珠、野黄麻、王碗捧真珠、粪斗草、血见愁、凤眼草、肉草、喷水草、小耳朵草、大青草,苦涩，平。,清热，利水，杀虫，止血。治痢疾，腹泻，咳嗽吐血，便血，子宫出血，疳积，腹胀，皮炎，湿疹，创伤出血。,①治疗菌痢、肠炎②治疗阿米巴痢疾③治疗肠伤寒。孕妇忌用，老弱气虚者少用…
青橄榄,：为橄榄科植物橄榄的果实。果实成熟后采摘，晒干或阴干，或用盐水浸渍后晒干。,：甘;酸;涩;性平。,：清肺利咽;生津止渴;解毒。,：主咳嗽痰血;咽喉肿痛;暑热烦渴;醉酒;鱼蟹中毒。
橄榄,别名橄榄子、橄棪、忠果、青果、青子、谏果、青橄榄、白榄、黄榄、甘榄、余甘子。橄榄营养丰富，含有17种人体所需要的氨基酸，果肉富含钙质与维生素C，果实常常加工成拷扁榄、大福果、十香橄榄、去皮酥、咸橄榄、玫瑰橄榄等。,味甘酸，性平。归脾、胃、肺经。,有清热解毒、利咽化痰、生津止渴、除烦醒酒之功。,适用于咽喉肿痛、暑热烦渴、咳嗽痰血，醉酒，鱼蟹中毒等。冬春季节，每日嚼食2～3枚鲜橄榄，可防止上呼吸道感染。儿童经常食用，对骨骼的发育大有益处…
无花果,是一种开花植物，别名阿驲、阿驿、映日果、优昙钵、蜜果、文仙果、奶浆果、品仙果。,性平，味甘。,健胃清肠，消肿解毒。,治肠炎，痢疾，便秘，痔疮，喉痛，痈疮疥癣，利咽喉，开胃驱虫。用于食欲不振，脘腹胀痛，痔疮便秘，消化不良，痔疮，脱肛，腹泻、乳汁不足，咽喉肿痛，热痢，咳嗽多痰等症…
茵陈,为菊科植物茵陈蒿的幼苗，又名绵茵陈、茵陈蒿、白蒿、绒蒿、猴子毛、松毛艾多卷曲成团状，灰白色或灰绿色，全体密被白色茸毛，绵软如绒。茎细小，长1。5～2。5cm，直径0。1～0。2cm，除去表面白色茸毛后可见明显纵纹；质脆，易折断。叶具柄；展平后叶片呈一至三回羽状分裂，叶片长1～3cm，宽约1cm；小裂片卵形或稍呈倒披针形、条形，先端尖锐。气清香，味微苦。清湿热，退黄疸。用于黄疸尿少、湿疮瘙痒、传染性黄疸型肝炎。6～15g。外用适量，煎汤熏洗…,,,
余甘子,本品系藏族习用药材。为大戟科油柑属植物余甘子的干燥成熟果实。冬季至次春果实成熟时采收，除去杂质，干燥。又名牛甘子、橄揽子、喉甘子、鱼木果、橄榄本品呈球形或扁球形，直径1.2～2cm。表面棕褐色至墨绿色，有浅黄色颗粒状突起。外果皮厚1～4mm，质硬而脆。气微，味酸涩，回味甜。《中国药典》：清热凉血，消食健胃，生津止咳。用于血热血瘀，消化不良，腹胀，咳嗽，喉痛，口干。果：3～9g，多入丸散服。根：0.5～1两，叶3～6钱；外用适量，煎水洗患处…,,,
朱砂根,,苦、辛，平。,清热药，清热解毒药，止痛药。行血祛风，解毒消肿。抑菌作用：25％煎剂试管内对金黄色葡萄球菌、大肠杆菌、绿脓杆菌有轻度的抑制作用；抗早孕作用：60％的乙醇提取物有抗早孕作用。,用于上呼吸道感染，咽喉肿痛，扁桃体炎，白喉，支气管炎，风湿性关节炎，腰腿痛，跌打损伤，丹毒，淋巴结炎；外用治外伤肿痛，骨折，毒蛇咬伤…
土牛膝,为苋科牛膝属植物土牛膝以根（土牛膝）或全草（倒扣草）入药。夏、秋才收，除去茎叶，将根晒干，即为土牛膝；若将全草晒干则为倒扣草。,微苦，凉。,活血散瘀，祛湿利民，清热解毒。治淋病，尿血，妇女经闭，症瘕，风湿关节痛，脚气，水肿，痢疾，疟疾，白喉，痈肿，跌打损伤。,①治男妇诸淋，小便不通②治血滞经闭③治风湿性关节痛④治肝硬变水肿⑤治痢疾⑥治白喉⑦治白喉并发心肌炎⑧治扁桃腺炎⑨治急性中耳炎⑩治足腿红肿放亮，其热如火，名流火丹…
肿节风,为金粟兰科植物草珊瑚的干燥全株。夏、秋二季采收，除去杂质，晒干。别名接骨金粟兰、九节茶、九节花、九节风、竹节茶、接骨莲、观音茶、接骨木、九节风、驳节茶、鸭脚节、山牛膝、珍珠兰等。,味苦、辛、性平。归心、肝经。,功能主治抗菌消炎凉血清热解毒，祛风通络，活血散结。,用于血热紫斑、紫癜，风湿痹痛，跌打损伤。肢体麻木，骨折，妇女痛经，产后瘀滞腹痛，肺炎，急性阑尾炎，急性胃肠炎，菌痢，胆囊炎，脓肿，口腔炎，风湿痹痛。肿节风片与肿节风注射液联合用于消化道癌、胰腺癌、肝癌等肿瘤…
白头翁,别名毛姑朵花、老婆子花、老公花、野丈人、胡王使者、白头公，毛茛科，银莲花属多年生草本植物，长有根状茎，叶片呈卵形，花萼蓝紫色。,味苦、性寒。归胃经、大肠经。,抗阴道毛滴虫、抗氧化、抗炎、杀虫、抑菌。,治疗痔疮等出血症状;治热毒血痢，温疟寒热，鼻衄，血痔;临床应用治疗原虫性痢疾、治疗细菌性痢疾、治疗瘰疬、治疗疖痈…
马齿苋,又名马苋，五行草，长命菜，瓜子菜，马齿菜，马生菜。,马齿苋味甘酸，性寒，无毒，入心、肝、脾、大肠经。,清热解毒，利水去湿，散血消肿，除尘杀菌，消炎止痛，止血凉血，痢疾，肠炎，肾炎，产后子宫出血，便血，乳腺炎，急性关节炎、膀胱炎、尿道炎、肛门炎、痔疮出血，溃疡愈合，高血压，糖尿病，小儿单钝性腹泻，小儿百日咳，急性阑尾炎，淋巴结核溃烂等。,因含去甲肾上腺素，能促进胰岛腺分泌胰岛素，降低血糖浓度、所以对糖尿病有一定的治疗作用。此外，对心血管有保护作用等…
鸦胆子,鸦胆子，又名老鸦胆、鸦胆、苦榛子、苦参子、鸦蛋子、鸭蛋子、鸭胆子、解苦楝、小苦楝。,苦，寒；有小毒。归大肠、肝经。,清热解毒，截疟，止痢，腐蚀赘疣。用于痢疾，疟疾；外治赘疣，鸡眼。,杀虫；主热毒血痢；冷痢；休息痢；疟疾；痔疮；痈肿；阴痒；白带等。
地锦草,别名草血竭、血见愁草、血见愁、小虫儿卧单、铁线草、普瓣草、血风草、马蚁草、雀儿卧单、猢狲头草、扑地锦、奶花草、奶草、奶汁草、铺地锦、铺地红、红莲草、斑鸠窝、三月黄花、地蓬草、铁线马齿苋、蜈蚣草、奶疳草、红茎草、红斑鸠窝、地马桑、红沙草、凉帽草、小苍蝇翅草、红丝草、小红筋草等。,味辛、性平。,清热解毒，利湿退黄，活血止血。,主痢疾，泄泻，黄疸，咳血，吐血，尿血，便血，崩漏，乳汁不下，跌打肿痛及热毒疮疡…
木蝴蝶,又名千张纸、兜铃、大刀树、三百两银药、玉蝴蝶、破布子、白故纸、海船果心、白玉纸、满天飞叶对生，2-3回羽状复叶，着生于茎的近顶端；小叶多数，卵形，全缘。总状花序顶生，长约25厘米。花大，紫红色，两性。花萼肉质，钟状。蒴果长披针形，扁平，木质。种子扁圆形，边缘具白色透明的膜质翅。花期6-9月。清肺利咽，疏肝和胃。用于肺热咳嗽，喉痹，音哑，肝胃气痛。主产于云南思茅、普洱、墨江，广西百色、宁明、龙津，贵州安龙、望谟、罗甸。销全国并出口。此外海南省、广东和四川有少量生产…,,,
椿皮 ,别名臭椿、椿根皮、樗白皮、樗根皮。,苦、涩，寒。归大肠、胃、肝经。,清热燥湿，收涩止带，止泻，止血。用于赤白带下，湿热泻痢，久泻久痢，便血，崩漏。,椿皮，专以固摄为用，故泻痢肠风，遗浊崩带者，并主之。然必病久而滑，始为相宜，若新病蚤服，强勉固涩，必变他症而成痼疾矣。凡用刮去粗皮，生用则能通利，酸醋炙即能固涩…
青蒿,别名草蒿，廪蒿，茵陈蒿、邪蒿，香蒿，苹蒿，黑蒿，白染艮，苦蒿,苦，辛，寒。归肝、胆经、三焦、肾经。,清透虚热，凉血除蒸，解暑，截疟。用于暑邪发热，阴虚发热，夜热早凉，骨蒸劳热，疟疾寒热，湿热黄疸。该品苦寒清热，辛香透散，善使阴分伏热透达外散，为阴虚发热要药，此外兼有解暑，截虐之功。,青蒿性味苦寒，但不伤脾胃。具有清热解暑，退虚热、宣化湿热的功效。青蒿含有挥发油、青蒿素等成分，有明显的降温解热作用，还能帮助排汗。所以，夏日将青蒿水煎液作为清凉饮料，是防治中暑的良药…
白薇,别名：薇草、知微老、老瓜瓢根、山烟根子、百荡草、白马薇、白前、老君须。,味苦；咸；性寒。肺经；胃经；肝经,清热凉血，利尿通淋，解毒疗疮。清热凉血，利尿通淋，解毒疗疮。用于阴虚内热，风温灼热失眠，肺热咳血，温疟，产后虚烦血厥，热淋，血淋，风温痛，瘰疬。,用于阴虚内热，风温灼热失眠，肺热咳血，温疟，产后虚烦血厥，热淋，血淋，风温痛，瘰疬…
地骨皮,又名杞根、地骨、地辅、地节、枸杞根、枸杞根皮等。,地骨皮味甘，性寒，无毒。归肺、肾经。,清虚热，泻肺火，高血压，扁平疣，掌跖疣，泛发性湿疹，牙髓炎疼痛，疟疾，骨蒸肌热，热劳，吐血，下血，血淋，风虫牙痛，耳聋有脓水不止，痔疮，外阴肿痛，阴道炎，肾虚，腰痛，小便出血，口舌生疮，男子下疳，补肾壮阳，足趾鸡眼，中风，水肿，脚气等。,地骨皮常用于吐血、衄血等症，可与白茅根、侧柏叶等配用。对阴虚发热、低热不退等症，常与青蒿、鳖甲、白薇等药配用…
银柴胡,银柴胡为石科植物银柴胡的根，又名白根子、土参、银夏柴胡。本品呈类圆柱形，偶有分枝，长15～40cm，直径0.5～2.5cm。表面浅棕黄色至浅棕色，有扭曲的纵皱纹及支根痕，多具孔穴状或盘状凹陷，习称“砂眼”，从砂眼处折断可见棕色裂隙中有细砂散出，根头部略膨大，有密集的呈疣状突起的芽苞、茎或根茎的残基，习称“珍珠盘”。清热药，清虚热药 功效主治清热凉血。治虚劳骨蒸，阴虚久疟，小儿瘠热羸瘦。,外感风寒，血虚无热者忌用…,,
胡黄连 ,双子叶植物玄参科胡黄连的干燥根茎，别名假黄连、割孤露泽、胡连、西藏胡黄连。本品呈圆柱形，略弯曲，偶有分枝，长3～12cm，直径0.3～1cm。表面灰棕色至暗棕色，粗糙。气微，味极苦。清湿热，除骨蒸，消疳热。用于湿热泻痢，黄疸，痔疾，骨蒸潮热，小儿疳热。胡黄连属为单种属植物，特产喜马拉雅山和横断山地区，是玄参科婆婆纳族的最原始类群之一，具有一定的科学价值…,,,
金果榄,防己科植物青牛胆的块根，别名山慈菇、金牛胆、地苦胆、金狮藤。根不规则长圆形、陀螺形或不规则圆形，大小悬殊，长3～15cm，直径2～9cm。表面棕黄色或淡褐色，有深而密的纵横皱纹，质坚实，横切面黄白色，粉性，皮部甚狭，形成层环隐约可见，木部外缘可见少数导管束，呈放射状。味极苦。清热解毒，利咽，止痛。用于咽喉肿痛，痈疽疔毒，泄泻，痢疾，脘腹热痛。生于疏林、灌丛中或石隙间。主产四川、湖南、广西。秋、冬季采挖，去须根，洗净， 晒干 …,,,
败酱草,别名黄花败酱、龙芽败酱、黄花龙牙。,辛、苦，凉。入胃、大肠、肝经。,清热解毒，消痈排脓，活血行瘀。临床上常与红藤、苡仁、桃仁、丹皮、大黄等配伍，用治肠痈；与鱼腥草、桔梗、苡仁、冬瓜子、芦根等配伍，用治肺痈；与银花、连翘等配伍，用治疮痈肿毒，同时用本品鲜草捣烂外敷。配红花、山楂等药，治产后瘀血，腹中刺痛等症。,用于肠痈、肺痈及疮痈肿毒，实热瘀滞所致的胸腹疼痛，产后瘀滞腹痛等症…
射干,本品为鸢尾科植物射干的干燥根茎。春初刚发芽或秋末茎叶枯萎时采挖，除去须根及泥沙，干燥。别名乌扇、扁竹、绞剪草、剪刀草、山蒲扇、野萱花、蝴蝶花,苦，寒。,清热解毒，消痰，利咽。用于热毒痰火郁结，咽喉肿痛，痰涎壅盛，咳嗽气喘。,①抗微生物作用②消炎作用。常和牛蒡子、桔梗、甘草等配合应用，能清热毒、消肿痛。与麻黄、紫菀、款冬等配合应用治咳嗽痰喘。实火及脾虚便溏者不宜。孕妇忌服…
山豆根,本品为豆科植物越南槐Sophora tonkinensis Gapnep的干燥根及根茎。秋季采挖，除去杂质，洗净，干燥。别名广豆根,苦，寒，有毒。,清火，解毒，消肿，止痛。治喉痈，喉风，喉痹，牙龈肿痛，喘满热咳，黄疸，下痢，痔疾，热肿，秃疮，疥癣，蛇、虫、犬咬伤。,山豆根苦降泄热，主要用于咽喉红肿热痛属于实火肺热者。根据实践经验，本品用一般剂量，对胃无刺激性，如剂量过大，易致呕吐，如用至一两，能引起中毒而发生呕吐、腹泻、胸闷、心悸…
马勃,俗称牛屎菇或马蹄包有的地方叫药包子，马屁泡。属担子菌类马勃科。,辛、平，无毒。,"马勃配伍青黛马勃味辛性平，清热解毒、宣肺利咽， 功擅宣散；青黛味苦性寒,清热解毒、凉血止血， 
长于清热。二者合用，共奏清热解毒、利咽消肿止痛之功效，用于治疗咽喉肿痛因热邪火毒所致者。马勃配伍薄荷、牛蒡子、板蓝根马勃能散肺经风热而利咽止痛；薄荷、牛蒡子能疏散风热利咽；板蓝根长于解毒利咽。诸药伍用，有疏散风热、利咽消肿止痛之功效，用于治疗肺经风热所致之咽喉肿痛。",主要用作局部止血药，兼治咽喉痛、失音等…
青果,橄榄、黄榄、白榄,甘、酸，平。归肺、胃经。,青果含蛋白质、脂肪、碳水化合物、膳食纤维、胡萝卜素、视黄醇当量、维生素B1、维生素B2、尼克酸、维生素C、钙、铁、磷、镁、锌、硒等成分。青果味甘酸，性平，具有清热解毒，利咽化痰，生津止渴，开胃降气，除烦醒酒之功效，适应于治咽喉肿痛，咳嗽吐血，菌痢，癫痫，暑热烦渴，肠炎腹泻等病症。,敷面润体；除皱；护发；上、卸妆；润唇；护足；减肥…
锦灯笼,别名挂金灯、金灯、灯笼果、红姑娘、泡泡。,苦，寒。归肺经。,清热解毒，利咽，化痰，利尿。用于咽痛音哑，痰热咳嗽，小便不利，外治天疱疮，湿疹。,锦灯笼为茄科酸浆属多年生宿根草本植物，以果实供食用，成熟果食甜美清香，是营养较丰富的水果蔬菜。浆果富含维生素C，青果味酸或苦，对治疗再生障碍性贫血有一定疗效，清热利尿，外敷可消炎…
苦菊,,,,
黄菊花,玫黄菊花，别名孔雀草，全草可入药，夏、秋季采收。,性平，味苦。,清热利湿，止咳。,咳嗽，痢疾，顿咳，牙痛，风火眼痛、痄腮，乳痛。…
白菊花,又名甘菊、杭菊、杭白菊、茶菊、药菊等。,白菊花味辛、甘、苦，性微寒。归肺、肝经。,风热感冒，发热头痛，咳嗽，清肝泻火，疏肝解郁，益阴明目，目赤肿痛，肝肾不足，目暗昏花，肝阳上亢，头痛眩晕，治疔疮肿毒，美容养颜、补血提神，延缓衰老;降压，预防心绞痛，抗炎强身，眼睛疲劳干涩视力模糊，治疔肿，喉疔，喉癣，皮肤死肌等。,用于治风热感冒，或温病初起，温邪犯肺、发热、头痛、咳嗽，治肝经风热、或肝火上攻致目赤肿痛;能清热平肝，治疔疮肿毒…
兰香子,,味辛，性温。,清理肠胃、降血脂、预防心脑血管疾病、减肥清热、健脾、养胃。,疏风解表，祛风消肿，散瘀止痛，活血通经。用于外感头痛，食胀气滞，胃脘痛。…
金不换,,味苦，性寒。,止咳、止血、抗炎症、对神经系统的作用。,吐血、务血不止、吐血、务血不止、大肠下血、妇女血崩、重度赤眼、虎咬虫伤。…
白英,白英又叫山甜菜、白草、白幕，生于山谷草地或路旁、田边;国内外均有分布。,味甘、苦，性寒。,具有清热解毒、祛风利湿、化瘀、抗癌等作用，,用于治疗黄疸、水肿、淋病、胆囊炎、胆结石、风湿性关节炎等症。…
云芝,云芝又叫杂色云芝、 彩绒革盖菌、杂色云芝，云芝是最具药用价值的真菌之一。,味甘、淡，微寒。,具有健脾利湿、止咳平喘、清热解毒、抗肿瘤的功效。,适用于慢性活动性肝炎、肝硬化、慢性支气管炎、小儿痉挛性支气管炎、咽喉肿痛、多种肿瘤、类风湿性关节炎、白血病等。…
明月草,"明月草，又名白背菜，有清热解毒,止血、凉血等功效。",性寒，味淡。,清热解毒、止血、凉血。,急性结膜炎、小儿高热、心肺积热。…
西青果,,味甜，性平,降血糖、清热解毒、祛痰、生津。,肺炎、咽喉炎、扁桃体发炎、阴虚白喉
天葵子,天葵子别名紫背天葵子，生海拔100-1050米间的疏林下、路旁或山谷地的较阴处。,性寒，味甘。,功效清热，解毒，消肿，散结，利尿。,痈肿，瘰疬，疔疮，淋浊，带下，肺虚咳嗽，疝气，癫痫，小儿惊风。…
